label,mean_accuracy,mean_dice,mean_hausdorff_distance,mean_sensitivity,mean_specificity,stdev_accuracy,stdev_dice,stdev_hausdorff_distance,stdev_sensitivity,stdev_specificity
1,0.9329814819606385,0.005475676472749402,144.8246436634856,0.0027496649234320623,0.9998948391726804,0.006887811376168087,0.001306668984575526,23.036774038801287,0.0006576933527350534,9.190773028405889e-05
2,0.932872355701287,0.0047762997904376,146.47827064840692,0.002401368126574973,0.9998037698268724,0.0068972334098612795,0.0014066433484210923,11.535995441010654,0.0007113947725760906,0.00024062599124330264
3,0.9946424171689642,0.9594953040273004,157.6071140690341,0.9538857751030634,0.9976483109869198,0.002744259423207298,0.02194284229933803,8.962752265002425,0.038657079211911374,0.0010706300679257843
